countryname,countrycode,indicatorname,indicatorcode,y2010,y2011,y2012,y2013,y2014,y2015,y2016,y2017,y2018
Aruba,ABW,"Official exchange rate (LCU per US$, period average)",PA.NUS.FCRF,1.79,1.79,1.79,1.79,1.79,1.79,1.79,1.79,1.79
Afghanistan,AFG,"Official exchange rate (LCU per US$, period average)",PA.NUS.FCRF,46.452461,46.747009,50.921398,55.377499,57.247501,61.143463,67.866089,68.026901,72.083244
Angola,AGO,"Official exchange rate (LCU per US$, period average)",PA.NUS.FCRF,91.905724,93.934753,95.467957,96.51828,98.302414,120.0607,163.65643,165.91595,252.85574
Albania,ALB,"Official exchange rate (LCU per US$, period average)",PA.NUS.FCRF,103.93667,100.89584,108.18417,105.66917,105.48,125.96167,124.1425,119.1,107.98917
Andorra,AND,"Official exchange rate (LCU per US$, period average)",PA.NUS.FCRF,,,,,,,,,
Arab World,ARB,"Official exchange rate (LCU per US$, period average)",PA.NUS.FCRF,,,,,,,,,
United Arab Emirates,ARE,"Official exchange rate (LCU per US$, period average)",PA.NUS.FCRF,3.6724999,3.6724999,3.6724999,3.6724999,3.6724999,3.6724999,3.6724999,3.6724999,3.6724999
Argentina,ARG,"Official exchange rate (LCU per US$, period average)",PA.NUS.FCRF,3.8962951,4.1101394,4.5369344,5.4593525,8.0752764,9.2331858,14.758175,16.562706,28.094992
Armenia,ARM,"Official exchange rate (LCU per US$, period average)",PA.NUS.FCRF,373.66046,372.50089,401.76398,409.62576,415.9198,477.9183,480.48816,482.7164,482.98795
American Samoa,ASM,"Official exchange rate (LCU per US$, period average)",PA.NUS.FCRF,,,,,,,,,
Antigua and Barbuda,ATG,"Official exchange rate (LCU per US$, period average)",PA.NUS.FCRF,2.7,2.7,2.7,2.7,2.7,2.7,2.7,2.7,2.7
Australia,AUS,"Official exchange rate (LCU per US$, period average)",PA.NUS.FCRF,1.0901595,.96946323,.96580106,1.0358431,1.1093633,1.3310902,1.345214,1.3047581,1.3384122
Austria,AUT,"Official exchange rate (LCU per US$, period average)",PA.NUS.FCRF,.754309,.71841389,.77833813,.75294513,.75272822,.90129644,.90342146,.88520551,.84677267
Azerbaijan,AZE,"Official exchange rate (LCU per US$, period average)",PA.NUS.FCRF,.80264997,.78968638,.78564537,.78454107,.78434747,1.0245638,1.5957216,1.7211548,1.7000166
Burundi,BDI,"Official exchange rate (LCU per US$, period average)",PA.NUS.FCRF,1230.7483,1261.0734,1442.5056,1555.0908,1546.6866,1571.8983,1654.6267,1729.0551,1782.8768
Belgium,BEL,"Official exchange rate (LCU per US$, period average)",PA.NUS.FCRF,.754309,.71841389,.77833813,.75294513,.75272822,.90129644,.90342146,.88520551,.84677267
Benin,BEN,"Official exchange rate (LCU per US$, period average)",PA.NUS.FCRF,494.79425,471.24863,510.55634,493.89963,493.75732,591.21167,592.60559,580.65674,555.44647
Burkina Faso,BFA,"Official exchange rate (LCU per US$, period average)",PA.NUS.FCRF,495.27701,471.86612,510.52713,494.04004,494.41495,591.44952,593.00818,582.09454,555.71783
Bangladesh,BGD,"Official exchange rate (LCU per US$, period average)",PA.NUS.FCRF,69.649292,74.152397,81.862656,78.103233,77.641411,77.946907,78.468094,80.437538,83.466202
Bulgaria,BGR,"Official exchange rate (LCU per US$, period average)",PA.NUS.FCRF,1.4773917,1.4064584,1.52205,1.4735667,1.4741833,1.7644,1.7680416,1.7354584,1.6570417
Bahrain,BHR,"Official exchange rate (LCU per US$, period average)",PA.NUS.FCRF,.37599999,.37599999,.37599999,.37599999,.37599999,.37599999,.37599999,.37599999,.37599999
"Bahamas, The",BHS,"Official exchange rate (LCU per US$, period average)",PA.NUS.FCRF,1,1,1,1,1,1,1,1,1
Bosnia and Herzegovina,BIH,"Official exchange rate (LCU per US$, period average)",PA.NUS.FCRF,1.4767395,1.4069365,1.52221,1.4730513,1.4741691,1.7634916,1.768139,1.7353528,1.6569854
Belarus,BLR,"Official exchange rate (LCU per US$, period average)",PA.NUS.FCRF,.297851,.49746335,.83368981,.88800526,1.0224103,1.5925988,1.9895629,1.9323417,2.0376084
Belize,BLZ,"Official exchange rate (LCU per US$, period average)",PA.NUS.FCRF,2,2,2,2,2,2,2,2,2
Bermuda,BMU,"Official exchange rate (LCU per US$, period average)",PA.NUS.FCRF,1,1,1,1,1,1,1,1,1
Bolivia,BOL,"Official exchange rate (LCU per US$, period average)",PA.NUS.FCRF,7.0166669,6.9369626,6.9099998,6.9099998,6.9099998,6.9099998,6.9099998,6.9099998,6.9099998
Brazil,BRA,"Official exchange rate (LCU per US$, period average)",PA.NUS.FCRF,1.7592267,1.6728288,1.9530686,2.1560891,2.352952,3.3269043,3.4913135,3.1913896,3.6538253
Barbados,BRB,"Official exchange rate (LCU per US$, period average)",PA.NUS.FCRF,2,2,2,2,2,2,2,2,2
Brunei Darussalam,BRN,"Official exchange rate (LCU per US$, period average)",PA.NUS.FCRF,1.3635094,1.257913,1.249567,1.2511656,1.2670401,1.3749108,1.3813468,1.3808912,1.3489186
Bhutan,BTN,"Official exchange rate (LCU per US$, period average)",PA.NUS.FCRF,45.725811,46.670467,53.437233,58.597847,,,,,
Botswana,BWA,"Official exchange rate (LCU per US$, period average)",PA.NUS.FCRF,6.7936249,6.8382335,6.8382335,8.3989086,8.9760838,10.128992,10.901158,10.347417,10.199975
Central African Republic,CAF,"Official exchange rate (LCU per US$, period average)",PA.NUS.FCRF,495.27701,471.86612,510.52713,494.04004,494.41495,591.44952,593.00818,582.09454,555.71783
Canada,CAN,"Official exchange rate (LCU per US$, period average)",PA.NUS.FCRF,1.0301127,.98925817,.99936473,1.0301374,1.1047472,1.2787862,1.3256152,1.2979358,1.295818
Central Europe and the Baltics,CEB,"Official exchange rate (LCU per US$, period average)",PA.NUS.FCRF,,,,,,,,,
Switzerland,CHE,"Official exchange rate (LCU per US$, period average)",PA.NUS.FCRF,1.0429057,.88804203,.93768448,.92690355,.91615105,.9623813,.98539442,.98469168,.97788334
Channel Islands,CHI,"Official exchange rate (LCU per US$, period average)",PA.NUS.FCRF,,,,,,,,,
Chile,CHL,"Official exchange rate (LCU per US$, period average)",PA.NUS.FCRF,510.24918,483.66751,486.47131,495.27289,570.34821,654.12408,676.95776,648.8338,641.27679
China,CHN,"Official exchange rate (LCU per US$, period average)",PA.NUS.FCRF,6.7702689,6.4614615,6.3123326,6.1957583,6.143434,6.2274885,6.6444778,6.7587552,6.6159573
Cote d'Ivoire,CIV,"Official exchange rate (LCU per US$, period average)",PA.NUS.FCRF,495.27701,471.86612,510.52713,494.04004,494.41495,591.44952,593.00818,582.09454,555.71783
Cameroon,CMR,"Official exchange rate (LCU per US$, period average)",PA.NUS.FCRF,495.27701,471.86612,510.52713,494.04004,494.41495,591.44952,593.00818,582.09454,555.71783
"Congo, Dem. Rep.",COD,"Official exchange rate (LCU per US$, period average)",PA.NUS.FCRF,905.91345,919.49127,919.755,919.56592,925.22626,925.98499,1010.3027,1464.418,1622.5236
"Congo, Rep.",COG,"Official exchange rate (LCU per US$, period average)",PA.NUS.FCRF,495.27701,471.86612,510.52713,494.04004,494.41495,591.44952,593.00818,582.09454,555.71783
Colombia,COL,"Official exchange rate (LCU per US$, period average)",PA.NUS.FCRF,1898.5696,1848.1395,1796.8959,1868.7853,2001.781,2741.8809,3054.1216,2951.3274,2955.7039
Comoros,COM,"Official exchange rate (LCU per US$, period average)",PA.NUS.FCRF,371.0957,353.43646,382.91727,370.42471,370.31799,443.40878,444.45422,435.49255,416.58484
Cabo Verde,CPV,"Official exchange rate (LCU per US$, period average)",PA.NUS.FCRF,83.278687,79.276878,86.318954,83.072502,83.0345,99.385696,99.68811,97.806938,93.413582
Costa Rica,CRI,"Official exchange rate (LCU per US$, period average)",PA.NUS.FCRF,525.82922,505.66425,502.90146,499.76685,538.3172,534.5658,544.73938,567.51306,576.97247
Caribbean small states,CSS,"Official exchange rate (LCU per US$, period average)",PA.NUS.FCRF,,,,,,,,,
Cuba,CUB,"Official exchange rate (LCU per US$, period average)",PA.NUS.FCRF,,,,,,,,,
Curacao,CUW,"Official exchange rate (LCU per US$, period average)",PA.NUS.FCRF,,1.79,1.79,1.79,1.79,1.79,1.79,1.79,1.79
Cayman Islands,CYM,"Official exchange rate (LCU per US$, period average)",PA.NUS.FCRF,.83332998,.83332998,.83332998,.83332998,.83332998,.83332998,.83332998,.83332998,.83332998
Cyprus,CYP,"Official exchange rate (LCU per US$, period average)",PA.NUS.FCRF,.754309,.71841389,.77833813,.75294513,.75272822,.90129644,.90342146,.88520551,.84677267
Czech Republic,CZE,"Official exchange rate (LCU per US$, period average)",PA.NUS.FCRF,19.098249,17.695917,19.577499,19.570583,20.7575,24.598749,24.439917,23.376333,21.729918
Germany,DEU,"Official exchange rate (LCU per US$, period average)",PA.NUS.FCRF,.754309,.71841389,.77833813,.75294513,.75272822,.90129644,.90342146,.88520551,.84677267
Djibouti,DJI,"Official exchange rate (LCU per US$, period average)",PA.NUS.FCRF,177.72099,177.72099,177.72099,177.72099,,,,,
Dominica,DMA,"Official exchange rate (LCU per US$, period average)",PA.NUS.FCRF,2.7,2.7,2.7,2.7,2.7,2.7,2.7,2.7,2.7
Denmark,DNK,"Official exchange rate (LCU per US$, period average)",PA.NUS.FCRF,5.6240749,5.3687115,5.7924757,5.6163116,5.6124668,6.7279067,6.7317181,6.6028934,6.3146186
Dominican Republic,DOM,"Official exchange rate (LCU per US$, period average)",PA.NUS.FCRF,36.821293,38.087585,39.320301,41.794502,43.549671,45.045498,46.064445,47.534359,49.509995
Algeria,DZA,"Official exchange rate (LCU per US$, period average)",PA.NUS.FCRF,74.385986,72.937881,77.535965,79.368401,80.579018,100.69144,109.44307,110.97301,116.59379
East Asia & Pacific (excluding high income),EAP,"Official exchange rate (LCU per US$, period average)",PA.NUS.FCRF,,,,,,,,,
Early-demographic dividend,EAR,"Official exchange rate (LCU per US$, period average)",PA.NUS.FCRF,,,,,,,,,
East Asia & Pacific,EAS,"Official exchange rate (LCU per US$, period average)",PA.NUS.FCRF,,,,,,,,,
Europe & Central Asia (excluding high income),ECA,"Official exchange rate (LCU per US$, period average)",PA.NUS.FCRF,,,,,,,,,
Europe & Central Asia,ECS,"Official exchange rate (LCU per US$, period average)",PA.NUS.FCRF,,,,,,,,,
Ecuador,ECU,"Official exchange rate (LCU per US$, period average)",PA.NUS.FCRF,1,1,1,1,1,1,1,1,1
"Egypt, Arab Rep.",EGY,"Official exchange rate (LCU per US$, period average)",PA.NUS.FCRF,5.621943,5.9328275,6.0560584,6.8703251,7.0776086,7.6912584,10.025401,17.782534,17.76729
Euro area,EMU,"Official exchange rate (LCU per US$, period average)",PA.NUS.FCRF,.754309,.71841389,.77833813,.75294513,.75272822,.90129644,.90342146,.88520551,.84677267
Eritrea,ERI,"Official exchange rate (LCU per US$, period average)",PA.NUS.FCRF,15.375,15.375,15.375,15.375,15.375,15.375,15.35,15.075,15.075
Spain,ESP,"Official exchange rate (LCU per US$, period average)",PA.NUS.FCRF,.754309,.71841389,.77833813,.75294513,.75272822,.90129644,.90342146,.88520551,.84677267
Estonia,EST,"Official exchange rate (LCU per US$, period average)",PA.NUS.FCRF,.754309,.71841389,.77833813,.75294513,.75272822,.90129644,.90342146,.88520551,.84677267
Ethiopia,ETH,"Official exchange rate (LCU per US$, period average)",PA.NUS.FCRF,14.40959,16.899225,17.704762,18.626629,19.585791,20.576849,21.731546,23.866104,27.429386
European Union,EUU,"Official exchange rate (LCU per US$, period average)",PA.NUS.FCRF,,,,,,,,,
Fragile and conflict affected situations,FCS,"Official exchange rate (LCU per US$, period average)",PA.NUS.FCRF,,,,,,,,,
Finland,FIN,"Official exchange rate (LCU per US$, period average)",PA.NUS.FCRF,.754309,.71841389,.77833813,.75294513,.75272822,.90129644,.90342146,.88520551,.84677267
Fiji,FJI,"Official exchange rate (LCU per US$, period average)",PA.NUS.FCRF,1.9183084,1.7931943,1.7898939,1.841388,1.8873497,2.0976233,2.0946829,2.0668833,2.0873826
France,FRA,"Official exchange rate (LCU per US$, period average)",PA.NUS.FCRF,.754309,.71841389,.77833813,.75294513,.75272822,.90129644,.90342146,.88520551,.84677267
Faroe Islands,FRO,"Official exchange rate (LCU per US$, period average)",PA.NUS.FCRF,5.6240749,5.3687115,5.7924757,5.6163116,5.6124668,6.7279067,6.7317181,,
"Micronesia, Fed. Sts.",FSM,"Official exchange rate (LCU per US$, period average)",PA.NUS.FCRF,1,1,1,1,1,1,1,1,1
Gabon,GAB,"Official exchange rate (LCU per US$, period average)",PA.NUS.FCRF,495.27701,471.86612,510.52713,494.04004,494.41495,591.44952,593.00818,582.09454,555.71783
United Kingdom,GBR,"Official exchange rate (LCU per US$, period average)",PA.NUS.FCRF,.64717937,.62414086,.63304698,.6396606,.60772961,.65454549,.74063444,.7769767,.74953157
Georgia,GEO,"Official exchange rate (LCU per US$, period average)",PA.NUS.FCRF,1.7823417,1.6864954,1.6512583,1.66335,1.7656667,2.2693417,2.366725,2.5095417,2.5341108
Ghana,GHA,"Official exchange rate (LCU per US$, period average)",PA.NUS.FCRF,1.431025,1.51185,1.7958167,1.9540499,2.899775,3.668025,3.9098001,4.3507419,4.5868168
Gibraltar,GIB,"Official exchange rate (LCU per US$, period average)",PA.NUS.FCRF,.64717937,.62414086,.63304698,.6396606,.60772961,.65454549,.74063444,.7769767,.74953157
Guinea,GIN,"Official exchange rate (LCU per US$, period average)",PA.NUS.FCRF,5726.0708,6658.0313,6985.8291,6907.8779,7014.1187,7485.5166,8959.7158,9088.3193,9011.1338
"Gambia, The",GMB,"Official exchange rate (LCU per US$, period average)",PA.NUS.FCRF,28.011953,29.461519,32.077133,35.957588,41.73296,42.506207,43.884632,46.607529,48.151344
Guinea-Bissau,GNB,"Official exchange rate (LCU per US$, period average)",PA.NUS.FCRF,495.27701,471.86612,510.52713,494.04004,,,,,
Equatorial Guinea,GNQ,"Official exchange rate (LCU per US$, period average)",PA.NUS.FCRF,495.27701,471.86612,510.52713,494.04004,494.41495,591.44952,593.00818,582.09454,555.71783
Greece,GRC,"Official exchange rate (LCU per US$, period average)",PA.NUS.FCRF,.754309,.71841389,.77833813,.75294513,.75272822,.90129644,.90342146,.88520551,.84677267
Grenada,GRD,"Official exchange rate (LCU per US$, period average)",PA.NUS.FCRF,2.7,2.7,2.7,2.7,2.7,2.7,2.7,2.7,2.7
Greenland,GRL,"Official exchange rate (LCU per US$, period average)",PA.NUS.FCRF,5.6240749,5.3687115,5.7924757,5.6163116,5.6124668,6.7279067,6.7317181,,
Guatemala,GTM,"Official exchange rate (LCU per US$, period average)",PA.NUS.FCRF,8.0577707,7.7854185,7.8336053,7.8568139,7.7322335,7.6548152,7.599937,7.3479385,7.5191646
Guam,GUM,"Official exchange rate (LCU per US$, period average)",PA.NUS.FCRF,,,,,,,,,
Guyana,GUY,"Official exchange rate (LCU per US$, period average)",PA.NUS.FCRF,203.63583,204.0175,204.35834,205.39417,206.44917,206.5,206.5,206.5,207.71666
High income,HIC,"Official exchange rate (LCU per US$, period average)",PA.NUS.FCRF,,,,,,,,,
"Hong Kong SAR, China",HKG,"Official exchange rate (LCU per US$, period average)",PA.NUS.FCRF,7.7691665,7.7839999,7.7564168,7.756,7.7540832,7.75175,7.7622499,7.7932501,7.8385
Honduras,HND,"Official exchange rate (LCU per US$, period average)",PA.NUS.FCRF,18.8951,18.917141,19.502249,20.353779,20.987158,21.945175,22.835018,23.487083,23.902729
Heavily indebted poor countries (HIPC),HPC,"Official exchange rate (LCU per US$, period average)",PA.NUS.FCRF,,,,,,,,,
Croatia,HRV,"Official exchange rate (LCU per US$, period average)",PA.NUS.FCRF,5.4980106,5.3438697,5.8502917,5.7048802,5.7481656,6.8583035,6.8059902,6.6238308,6.2790251
Haiti,HTI,"Official exchange rate (LCU per US$, period average)",PA.NUS.FCRF,39.797401,40.522823,41.949722,43.462784,45.215981,50.706429,63.335819,64.769684,68.031754
Hungary,HUN,"Official exchange rate (LCU per US$, period average)",PA.NUS.FCRF,207.94417,201.05499,225.10417,223.69501,232.60167,279.33249,281.52335,274.43332,270.21167
IBRD only,IBD,"Official exchange rate (LCU per US$, period average)",PA.NUS.FCRF,,,,,,,,,
IDA & IBRD total,IBT,"Official exchange rate (LCU per US$, period average)",PA.NUS.FCRF,,,,,,,,,
IDA total,IDA,"Official exchange rate (LCU per US$, period average)",PA.NUS.FCRF,,,,,,,,,
IDA blend,IDB,"Official exchange rate (LCU per US$, period average)",PA.NUS.FCRF,,,,,,,,,
Indonesia,IDN,"Official exchange rate (LCU per US$, period average)",PA.NUS.FCRF,9090.4336,8770.4336,9386.6289,10461.24,11865.211,13389.413,13308.327,13380.834,14236.938
IDA only,IDX,"Official exchange rate (LCU per US$, period average)",PA.NUS.FCRF,,,,,,,,,
Isle of Man,IMN,"Official exchange rate (LCU per US$, period average)",PA.NUS.FCRF,.64717937,.62414086,.63304698,.6396606,.60772961,.65454549,.74063444,.7769767,.74953157
India,IND,"Official exchange rate (LCU per US$, period average)",PA.NUS.FCRF,45.725811,46.670467,53.437233,58.597847,61.029514,64.151947,67.195313,65.121567,68.389465
Not classified,INX,"Official exchange rate (LCU per US$, period average)",PA.NUS.FCRF,,,,,,,,,
Ireland,IRL,"Official exchange rate (LCU per US$, period average)",PA.NUS.FCRF,.754309,.71841389,.77833813,.75294513,.75272822,.90129644,.90342146,.88520551,.84677267
"Iran, Islamic Rep.",IRN,"Official exchange rate (LCU per US$, period average)",PA.NUS.FCRF,10254.177,10616.307,12175.547,18414.447,25941.664,29011.492,30914.852,33226.297,40864.328
Iraq,IRQ,"Official exchange rate (LCU per US$, period average)",PA.NUS.FCRF,1170,1170,1166.1666,1166,,,,,
Iceland,ISL,"Official exchange rate (LCU per US$, period average)",PA.NUS.FCRF,122.24181,115.95404,125.08279,122.17912,116.76735,131.9187,120.81155,106.83957,108.30018
Israel,ISR,"Official exchange rate (LCU per US$, period average)",PA.NUS.FCRF,3.738975,3.5781293,3.8559217,3.6107583,3.577925,3.8868334,3.8405666,3.5995555,3.5905581
Italy,ITA,"Official exchange rate (LCU per US$, period average)",PA.NUS.FCRF,.754309,.71841389,.77833813,.75294513,.75272822,.90129644,.90342146,.88520551,.84677267
Jamaica,JAM,"Official exchange rate (LCU per US$, period average)",PA.NUS.FCRF,87.196144,85.893463,88.749802,100.39788,110.93452,116.96978,125.09503,127.96455,128.87152
Jordan,JOR,"Official exchange rate (LCU per US$, period average)",PA.NUS.FCRF,.70999998,.70999998,.70999998,.70999998,.70999998,.70999998,.70999998,.70999998,.70999998
Japan,JPN,"Official exchange rate (LCU per US$, period average)",PA.NUS.FCRF,87.779877,79.807022,79.790459,97.595657,105.94478,121.04403,108.7929,112.16614,110.42318
Kazakhstan,KAZ,"Official exchange rate (LCU per US$, period average)",PA.NUS.FCRF,147.355,146.62083,149.1125,152.12917,179.19167,221.72833,342.16,326.00104,344.70584
Kenya,KEN,"Official exchange rate (LCU per US$, period average)",PA.NUS.FCRF,79.23333,88.811668,84.529999,86.123337,87.922501,98.179169,101.50417,103.41045,101.30157
Kyrgyz Republic,KGZ,"Official exchange rate (LCU per US$, period average)",PA.NUS.FCRF,45.96426,46.143902,47.004478,48.438061,53.654057,64.462105,69.914063,68.866669,68.840317
Cambodia,KHM,"Official exchange rate (LCU per US$, period average)",PA.NUS.FCRF,4184.9165,4058.5,4033,4027.25,4037.5,4067.75,4058.6946,4050.5801,4051.167
Kiribati,KIR,"Official exchange rate (LCU per US$, period average)",PA.NUS.FCRF,1.0901595,.96946323,.96580106,1.0358431,1.1093633,1.3310902,1.345214,1.3047581,1.3384122
St. Kitts and Nevis,KNA,"Official exchange rate (LCU per US$, period average)",PA.NUS.FCRF,2.7,2.7,2.7,2.7,2.7,2.7,2.7,2.7,2.7
"Korea, Rep.",KOR,"Official exchange rate (LCU per US$, period average)",PA.NUS.FCRF,1156.061,1108.2921,1126.4708,1094.8529,1052.9608,1131.1575,1160.4335,1130.4246,1100.5
Kuwait,KWT,"Official exchange rate (LCU per US$, period average)",PA.NUS.FCRF,.28660658,.27597895,.27993557,.28358945,.28456715,.30085203,.30213743,.30334976,.3019565
Latin America & Caribbean (excluding high income),LAC,"Official exchange rate (LCU per US$, period average)",PA.NUS.FCRF,,,,,,,,,
Lao PDR,LAO,"Official exchange rate (LCU per US$, period average)",PA.NUS.FCRF,8258.7705,8030.0552,8007.7573,7860.1377,8048.9604,8147.9077,8179.2686,8351.5264,8489.2402
Lebanon,LBN,"Official exchange rate (LCU per US$, period average)",PA.NUS.FCRF,1507.5,1507.5,1507.5,1507.5,1507.5,1507.5,1507.5,1507.5,1507.5
Liberia,LBR,"Official exchange rate (LCU per US$, period average)",PA.NUS.FCRF,71.403336,72.226669,73.514771,77.519997,83.892502,86.18837,94.427246,112.70667,144.05557
Libya,LBY,"Official exchange rate (LCU per US$, period average)",PA.NUS.FCRF,1.2667894,1.2241524,1.2616596,1.2716918,1.272402,1.3812099,1.3903687,1.39382,1.3649666
St. Lucia,LCA,"Official exchange rate (LCU per US$, period average)",PA.NUS.FCRF,2.7,2.7,2.7,2.7,2.7,2.7,2.7,2.7,2.7
Latin America & Caribbean,LCN,"Official exchange rate (LCU per US$, period average)",PA.NUS.FCRF,,,,,,,,,
Least developed countries: UN classification,LDC,"Official exchange rate (LCU per US$, period average)",PA.NUS.FCRF,,,,,,,,,
Low income,LIC,"Official exchange rate (LCU per US$, period average)",PA.NUS.FCRF,,,,,,,,,
Liechtenstein,LIE,"Official exchange rate (LCU per US$, period average)",PA.NUS.FCRF,,,,,,,,,
Sri Lanka,LKA,"Official exchange rate (LCU per US$, period average)",PA.NUS.FCRF,113.06448,110.56521,127.60336,129.06903,130.56468,135.85692,145.58167,152.44641,162.46486
Lower middle income,LMC,"Official exchange rate (LCU per US$, period average)",PA.NUS.FCRF,,,,,,,,,
Low & middle income,LMY,"Official exchange rate (LCU per US$, period average)",PA.NUS.FCRF,,,,,,,,,
Lesotho,LSO,"Official exchange rate (LCU per US$, period average)",PA.NUS.FCRF,7.3212218,7.2611322,8.2099686,9.655056,10.852655,12.758931,14.709611,13.333781,13.240911
Late-demographic dividend,LTE,"Official exchange rate (LCU per US$, period average)",PA.NUS.FCRF,,,,,,,,,
Lithuania,LTU,"Official exchange rate (LCU per US$, period average)",PA.NUS.FCRF,.754309,.71841389,.77833813,.75294513,.75272822,.90129644,.90342146,.88520551,.84677267
Luxembourg,LUX,"Official exchange rate (LCU per US$, period average)",PA.NUS.FCRF,,,,,,,,,
Latvia,LVA,"Official exchange rate (LCU per US$, period average)",PA.NUS.FCRF,.754309,.71841389,.77833813,.75294513,.75272822,.90129644,.90342146,.88520551,.84677267
"Macao SAR, China",MAC,"Official exchange rate (LCU per US$, period average)",PA.NUS.FCRF,8.0022163,8.0182085,7.9898634,7.9892554,7.9871292,7.9849606,7.9950643,8.026001,8.0725079
St. Martin (French part),MAF,"Official exchange rate (LCU per US$, period average)",PA.NUS.FCRF,,,,,,,,,
Morocco,MAR,"Official exchange rate (LCU per US$, period average)",PA.NUS.FCRF,8.4171581,8.0898752,8.6284447,8.4055042,8.4063368,9.764348,9.807476,9.6919975,9.3861027
Monaco,MCO,"Official exchange rate (LCU per US$, period average)",PA.NUS.FCRF,,,,,,,,,
Moldova,MDA,"Official exchange rate (LCU per US$, period average)",PA.NUS.FCRF,12.369261,11.738612,12.111437,12.586757,14.03563,18.818476,19.923828,18.499035,16.802052
Madagascar,MDG,"Official exchange rate (LCU per US$, period average)",PA.NUS.FCRF,2089.95,2025.1176,2194.9666,2206.9141,2414.8118,2933.5083,3176.5391,3116.1101,3334.7522
Maldives,MDV,"Official exchange rate (LCU per US$, period average)",PA.NUS.FCRF,12.8,14.602009,15.364836,15.36671,15.380394,15.366331,15.368407,15.386969,15.390838
Middle East & North Africa,MEA,"Official exchange rate (LCU per US$, period average)",PA.NUS.FCRF,,,,,,,,,
Mexico,MEX,"Official exchange rate (LCU per US$, period average)",PA.NUS.FCRF,12.636008,12.423325,13.169458,12.771992,13.29245,15.848267,18.664059,18.926517,19.244341
Marshall Islands,MHL,"Official exchange rate (LCU per US$, period average)",PA.NUS.FCRF,,,,,,,,,
Middle income,MIC,"Official exchange rate (LCU per US$, period average)",PA.NUS.FCRF,,,,,,,,,
North Macedonia,MKD,"Official exchange rate (LCU per US$, period average)",PA.NUS.FCRF,46.485394,44.230824,47.890251,46.39534,46.43713,55.537075,55.731724,54.665459,52.107109
Mali,MLI,"Official exchange rate (LCU per US$, period average)",PA.NUS.FCRF,495.27701,471.86612,510.52713,494.04004,494.41495,591.44952,593.00818,582.09454,555.71783
Malta,MLT,"Official exchange rate (LCU per US$, period average)",PA.NUS.FCRF,.754309,.71841389,.77833813,.75294513,.75272822,.90129644,.90342146,.88520551,.84677267
Myanmar,MMR,"Official exchange rate (LCU per US$, period average)",PA.NUS.FCRF,5.6348834,5.4441085,640.65344,933.57043,984.34576,1162.6154,1234.8695,1360.3588,1429.808
Middle East & North Africa (excluding high income),MNA,"Official exchange rate (LCU per US$, period average)",PA.NUS.FCRF,,,,,,,,,
Montenegro,MNE,"Official exchange rate (LCU per US$, period average)",PA.NUS.FCRF,.75504494,.71935523,.77829361,.75315917,.75373071,.90165895,.90403515,.88739741,.84718639
Mongolia,MNG,"Official exchange rate (LCU per US$, period average)",PA.NUS.FCRF,1357.0642,1265.5159,1357.58,1523.9275,1817.9387,1970.3092,2140.2908,2439.7771,2472.4841
Northern Mariana Islands,MNP,"Official exchange rate (LCU per US$, period average)",PA.NUS.FCRF,,,,,,,,,
Mozambique,MOZ,"Official exchange rate (LCU per US$, period average)",PA.NUS.FCRF,33.960098,29.0676,28.372984,30.104111,31.352688,39.982475,63.056232,63.584324,60.326206
Mauritania,MRT,"Official exchange rate (LCU per US$, period average)",PA.NUS.FCRF,27.589417,28.111834,29.662001,30.068167,30.272499,32.467167,35.237083,35.794418,35.677502
Mauritius,MUS,"Official exchange rate (LCU per US$, period average)",PA.NUS.FCRF,30.784401,28.70595,30.049973,30.701359,30.621616,35.056702,35.541882,34.481407,33.934448
Malawi,MWI,"Official exchange rate (LCU per US$, period average)",PA.NUS.FCRF,150.48584,156.51584,249.10667,364.40582,424.89667,499.60583,718.005,730.27252,732.33331
Malaysia,MYS,"Official exchange rate (LCU per US$, period average)",PA.NUS.FCRF,3.221087,3.060003,3.0888009,3.1509085,3.2728598,3.9055002,4.1483006,4.3004408,4.03513
North America,NAC,"Official exchange rate (LCU per US$, period average)",PA.NUS.FCRF,,,,,,,,,
Namibia,NAM,"Official exchange rate (LCU per US$, period average)",PA.NUS.FCRF,7.3302498,7.300025,8.1937704,9.7500753,10.842888,12.881921,14.708767,13.3129,13.233942
New Caledonia,NCL,"Official exchange rate (LCU per US$, period average)",PA.NUS.FCRF,90.1008,85.841888,92.875099,89.875763,89.94397,107.5965,107.88005,105.89465,101.09619
Niger,NER,"Official exchange rate (LCU per US$, period average)",PA.NUS.FCRF,495.27701,471.86612,510.52713,494.04004,494.41495,591.44952,593.00818,582.09454,555.71783
Nigeria,NGA,"Official exchange rate (LCU per US$, period average)",PA.NUS.FCRF,150.29802,153.8616,157.49942,157.31122,158.55264,192.44034,253.492,305.7901,306.08368
Nicaragua,NIC,"Official exchange rate (LCU per US$, period average)",PA.NUS.FCRF,21.356449,22.424271,23.546663,24.722765,25.9589,27.256845,28.620962,30.050941,31.553213
Netherlands,NLD,"Official exchange rate (LCU per US$, period average)",PA.NUS.FCRF,.754309,.71841389,.77833813,.75294513,.75272822,.90129644,.90342146,.88520551,.84677267
Norway,NOR,"Official exchange rate (LCU per US$, period average)",PA.NUS.FCRF,6.0441666,5.6046071,5.8175001,5.875,6.3016667,8.064167,8.3999996,8.2716665,8.1324997
Nepal,NPL,"Official exchange rate (LCU per US$, period average)",PA.NUS.FCRF,73.26236,74.019997,85.225754,93.084396,97.55484,102.40514,107.38381,104.51189,108.93014
Nauru,NRU,"Official exchange rate (LCU per US$, period average)",PA.NUS.FCRF,1.0901595,.96946323,.96580106,1.0358431,1.1093633,1.3310902,1.345214,1.3047581,1.3384122
New Zealand,NZL,"Official exchange rate (LCU per US$, period average)",PA.NUS.FCRF,1.3878338,1.2658107,1.2342837,1.2194079,1.2054334,1.433975,1.436525,1.4074084,1.4452584
OECD members,OED,"Official exchange rate (LCU per US$, period average)",PA.NUS.FCRF,,,,,,,,,
Oman,OMN,"Official exchange rate (LCU per US$, period average)",PA.NUS.FCRF,.3845,.3845,.3845,.3845,.3845,.3845,.3845,.3845,.3845
Other small states,OSS,"Official exchange rate (LCU per US$, period average)",PA.NUS.FCRF,,,,,,,,,
Pakistan,PAK,"Official exchange rate (LCU per US$, period average)",PA.NUS.FCRF,85.193817,86.343384,93.395195,101.6289,101.10009,102.76927,104.76912,105.45516,121.82407
Panama,PAN,"Official exchange rate (LCU per US$, period average)",PA.NUS.FCRF,1,1,1,1,1,1,1,1,1
Peru,PER,"Official exchange rate (LCU per US$, period average)",PA.NUS.FCRF,2.825125,2.7541001,2.6375864,2.7018991,2.8390441,3.1844392,3.3750615,3.2604885,3.2866027
Philippines,PHL,"Official exchange rate (LCU per US$, period average)",PA.NUS.FCRF,45.109665,43.313137,42.228794,42.446186,44.395153,45.502838,47.492462,50.403721,52.66143
Palau,PLW,"Official exchange rate (LCU per US$, period average)",PA.NUS.FCRF,1,1,1,1,1,1,1,1,1
Papua New Guinea,PNG,"Official exchange rate (LCU per US$, period average)",PA.NUS.FCRF,2.7192941,2.37097,2.0836484,2.2445099,2.461385,2.7684116,3.1330292,3.1887884,3.2790365
Poland,POL,"Official exchange rate (LCU per US$, period average)",PA.NUS.FCRF,3.0153,2.9628477,3.2565417,3.1606166,,,,,
Pre-demographic dividend,PRE,"Official exchange rate (LCU per US$, period average)",PA.NUS.FCRF,,,,,,,,,
Puerto Rico,PRI,"Official exchange rate (LCU per US$, period average)",PA.NUS.FCRF,,,,,,,,,
"Korea, Dem. Peopleâs Rep.",PRK,"Official exchange rate (LCU per US$, period average)",PA.NUS.FCRF,,,,,,,,,
Portugal,PRT,"Official exchange rate (LCU per US$, period average)",PA.NUS.FCRF,.754309,.71841389,.77833813,.75294513,.75272822,.90129644,.90342146,.88520551,.84677267
Paraguay,PRY,"Official exchange rate (LCU per US$, period average)",PA.NUS.FCRF,4758.4302,4193.8022,4421.6592,4303.8823,4462.1851,5204.9209,5670.541,5618.9336,5732.1045
West Bank and Gaza,PSE,"Official exchange rate (LCU per US$, period average)",PA.NUS.FCRF,,,,,,,,,
Pacific island small states,PSS,"Official exchange rate (LCU per US$, period average)",PA.NUS.FCRF,,,,,,,,,
Post-demographic dividend,PST,"Official exchange rate (LCU per US$, period average)",PA.NUS.FCRF,,,,,,,,,
French Polynesia,PYF,"Official exchange rate (LCU per US$, period average)",PA.NUS.FCRF,90.1008,85.841888,92.875099,89.875763,89.94397,107.5965,107.88005,105.89465,101.09619
Qatar,QAT,"Official exchange rate (LCU per US$, period average)",PA.NUS.FCRF,3.6400001,3.6400001,3.6400001,3.6400001,3.6400001,3.6400001,3.6400001,3.6400001,3.6400001
Romania,ROU,"Official exchange rate (LCU per US$, period average)",PA.NUS.FCRF,3.1779001,3.0486083,3.4682,3.3279166,3.349175,4.0056667,4.0591831,4.0524917,3.9416168
Russian Federation,RUS,"Official exchange rate (LCU per US$, period average)",PA.NUS.FCRF,30.367916,29.382341,30.83983,31.837143,38.378208,60.937649,67.055931,58.3428,62.668133
Rwanda,RWA,"Official exchange rate (LCU per US$, period average)",PA.NUS.FCRF,583.13092,600.30652,614.29517,646.63599,681.86169,720.9751,787.25153,831.53076,861.09338
South Asia,SAS,"Official exchange rate (LCU per US$, period average)",PA.NUS.FCRF,,,,,,,,,
Saudi Arabia,SAU,"Official exchange rate (LCU per US$, period average)",PA.NUS.FCRF,3.75,3.75,3.75,3.75,3.75,3.75,3.75,3.75,3.75
Sudan,SDN,"Official exchange rate (LCU per US$, period average)",PA.NUS.FCRF,2.3060009,2.6666195,3.5729582,4.7567606,5.7368665,6.0257325,6.2117138,6.6833601,24.328911
Senegal,SEN,"Official exchange rate (LCU per US$, period average)",PA.NUS.FCRF,495.27701,471.86612,510.52713,494.04004,494.41495,591.44952,593.00818,582.09454,555.71783
Singapore,SGP,"Official exchange rate (LCU per US$, period average)",PA.NUS.FCRF,1.3635083,1.2577759,1.2496762,1.2513,1.26705,1.374825,1.3815464,1.3809251,1.3488417
Solomon Islands,SLB,"Official exchange rate (LCU per US$, period average)",PA.NUS.FCRF,8.0645018,7.6412592,7.3552027,7.302135,7.3753452,7.9146891,7.948153,7.8873901,7.9525046
Sierra Leone,SLE,"Official exchange rate (LCU per US$, period average)",PA.NUS.FCRF,3978.0876,4349.1621,4344.0376,4332.499,4524.1577,5080.7471,6289.9399,7384.4321,7931.6318
El Salvador,SLV,"Official exchange rate (LCU per US$, period average)",PA.NUS.FCRF,1,1,1,1,1,1,1,1,1
San Marino,SMR,"Official exchange rate (LCU per US$, period average)",PA.NUS.FCRF,.75504494,.71935523,.77829361,.75315917,.75373071,.90165895,.90403515,.88739741,.84718639
Somalia,SOM,"Official exchange rate (LCU per US$, period average)",PA.NUS.FCRF,31269.662,29966.836,22516,19283.801,20230.93,22254.236,23061.785,23097.988,
Serbia,SRB,"Official exchange rate (LCU per US$, period average)",PA.NUS.FCRF,77.728935,73.333397,87.973297,85.158852,88.405312,108.81142,111.27785,107.75885,100.17507
Sub-Saharan Africa (excluding high income),SSA,"Official exchange rate (LCU per US$, period average)",PA.NUS.FCRF,,,,,,,,,
South Sudan,SSD,"Official exchange rate (LCU per US$, period average)",PA.NUS.FCRF,,2.98895,2.95,2.95,2.95,3.6041667,46.729168,113.6475,141.38583
Sub-Saharan Africa,SSF,"Official exchange rate (LCU per US$, period average)",PA.NUS.FCRF,,,,,,,,,
Small states,SST,"Official exchange rate (LCU per US$, period average)",PA.NUS.FCRF,,,,,,,,,
Sao Tome and Principe,STP,"Official exchange rate (LCU per US$, period average)",PA.NUS.FCRF,18.498602,17.622934,19.068417,18.449953,18.466404,22.090645,22.148861,21.741138,20.750858
Suriname,SUR,"Official exchange rate (LCU per US$, period average)",PA.NUS.FCRF,2.7454166,3.2679999,3.3,3.3,3.3,3.4166667,6.2286301,7.4876614,7.4625111
Slovak Republic,SVK,"Official exchange rate (LCU per US$, period average)",PA.NUS.FCRF,,,,,,,,,
Slovenia,SVN,"Official exchange rate (LCU per US$, period average)",PA.NUS.FCRF,,,,,,,,,
Sweden,SWE,"Official exchange rate (LCU per US$, period average)",PA.NUS.FCRF,7.2075243,6.4935431,6.7750158,6.5139718,6.860785,8.4348412,8.5619917,8.5488605,8.6925182
Eswatini,SWZ,"Official exchange rate (LCU per US$, period average)",PA.NUS.FCRF,7.3212218,7.2611322,8.2099686,9.655056,10.852655,12.758931,14.709611,13.333781,13.240911
Sint Maarten (Dutch part),SXM,"Official exchange rate (LCU per US$, period average)",PA.NUS.FCRF,,1.79,1.79,1.79,1.79,1.79,1.79,1.79,1.79
Seychelles,SYC,"Official exchange rate (LCU per US$, period average)",PA.NUS.FCRF,12.067757,12.381032,13.704031,12.058316,12.747033,13.313925,13.319117,13.647841,13.911117
Syrian Arab Republic,SYR,"Official exchange rate (LCU per US$, period average)",PA.NUS.FCRF,11.225,48.336666,64.580833,108.73333,154.13,237.02916,460.27585,492.61084,
Turks and Caicos Islands,TCA,"Official exchange rate (LCU per US$, period average)",PA.NUS.FCRF,,,,,,,,,
Chad,TCD,"Official exchange rate (LCU per US$, period average)",PA.NUS.FCRF,495.27701,471.86612,510.52713,494.04004,494.41495,591.44952,593.00818,582.09454,555.71783
East Asia & Pacific (IDA & IBRD countries),TEA,"Official exchange rate (LCU per US$, period average)",PA.NUS.FCRF,,,,,,,,,
Europe & Central Asia (IDA & IBRD countries),TEC,"Official exchange rate (LCU per US$, period average)",PA.NUS.FCRF,,,,,,,,,
Togo,TGO,"Official exchange rate (LCU per US$, period average)",PA.NUS.FCRF,495.27701,471.86612,510.52713,494.04004,,,,,
Thailand,THA,"Official exchange rate (LCU per US$, period average)",PA.NUS.FCRF,31.685705,30.491734,31.083092,30.725967,32.479832,34.247715,35.296383,33.939812,32.310226
Tajikistan,TJK,"Official exchange rate (LCU per US$, period average)",PA.NUS.FCRF,4.3789668,4.6101832,4.7377086,4.7642331,4.9375668,6.1631165,7.8356748,8.5497417,9.1512165
Turkmenistan,TKM,"Official exchange rate (LCU per US$, period average)",PA.NUS.FCRF,,,,,,,,,
Latin America & the Caribbean (IDA & IBRD countries),TLA,"Official exchange rate (LCU per US$, period average)",PA.NUS.FCRF,,,,,,,,,
Timor-Leste,TLS,"Official exchange rate (LCU per US$, period average)",PA.NUS.FCRF,1,1,1,1,1,1,1,1,1
Middle East & North Africa (IDA & IBRD countries),TMN,"Official exchange rate (LCU per US$, period average)",PA.NUS.FCRF,,,,,,,,,
Tonga,TON,"Official exchange rate (LCU per US$, period average)",PA.NUS.FCRF,1.9059879,1.7289507,1.719507,1.7737131,1.8467737,2.1057632,2.215661,2.2059727,2.2365716
South Asia (IDA & IBRD),TSA,"Official exchange rate (LCU per US$, period average)",PA.NUS.FCRF,,,,,,,,,
Sub-Saharan Africa (IDA & IBRD countries),TSS,"Official exchange rate (LCU per US$, period average)",PA.NUS.FCRF,,,,,,,,,
Trinidad and Tobago,TTO,"Official exchange rate (LCU per US$, period average)",PA.NUS.FCRF,6.3755083,6.4093008,6.4296026,6.4426293,6.4090948,6.3774419,6.6689668,6.7795248,6.770751
Tunisia,TUN,"Official exchange rate (LCU per US$, period average)",PA.NUS.FCRF,1.4313999,1.4077834,1.5618917,1.6246583,1.697675,1.961625,2.1480334,2.419425,2.6468666
Turkey,TUR,"Official exchange rate (LCU per US$, period average)",PA.NUS.FCRF,1.5028486,1.6749545,1.796001,1.9037683,2.1885424,2.7200086,3.0201347,3.6481326,4.8283701
Tuvalu,TUV,"Official exchange rate (LCU per US$, period average)",PA.NUS.FCRF,,,,,,,,,
Tanzania,TZA,"Official exchange rate (LCU per US$, period average)",PA.NUS.FCRF,1395.625,1557.4333,1571.698,1597.5558,1653.2321,1991.391,2177.0859,2228.8577,2263.7805
Uganda,UGA,"Official exchange rate (LCU per US$, period average)",PA.NUS.FCRF,2177.5576,2522.802,2504.563,2586.8896,2599.7881,3240.6455,3420.0979,3611.2244,3727.0691
Ukraine,UKR,"Official exchange rate (LCU per US$, period average)",PA.NUS.FCRF,7.9356394,7.9675627,7.9910293,7.993,11.88666,21.844698,25.551334,26.596607,27.200493
Upper middle income,UMC,"Official exchange rate (LCU per US$, period average)",PA.NUS.FCRF,,,,,,,,,
Uruguay,URY,"Official exchange rate (LCU per US$, period average)",PA.NUS.FCRF,20.059275,19.314209,20.310575,20.481607,23.246025,27.327366,30.1626,28.676399,30.725258
United States,USA,"Official exchange rate (LCU per US$, period average)",PA.NUS.FCRF,1,1,1,1,1,1,1,1,1
Uzbekistan,UZB,"Official exchange rate (LCU per US$, period average)",PA.NUS.FCRF,,,,2094.9885,2310.9482,2567.9873,2965.2534,5113.8789,8069.6064
St. Vincent and the Grenadines,VCT,"Official exchange rate (LCU per US$, period average)",PA.NUS.FCRF,2.7,2.7,2.7,2.7,2.7,2.7,2.7,2.7,2.7
"Venezuela, RB",VEN,"Official exchange rate (LCU per US$, period average)",PA.NUS.FCRF,2.5820603,4.2893,4.2893,6.0479617,,,,,
British Virgin Islands,VGB,"Official exchange rate (LCU per US$, period average)",PA.NUS.FCRF,,,,,,,,,
Virgin Islands (U.S.),VIR,"Official exchange rate (LCU per US$, period average)",PA.NUS.FCRF,,,,,,,,,
Vietnam,VNM,"Official exchange rate (LCU per US$, period average)",PA.NUS.FCRF,18612.916,20509.75,20828,20933.416,21148,21697.568,21935,22370.086,22602.051
Vanuatu,VUT,"Official exchange rate (LCU per US$, period average)",PA.NUS.FCRF,96.90583,89.46917,92.637497,94.542503,97.071663,108.98917,108.475,107.82083,110.16833
World,WLD,"Official exchange rate (LCU per US$, period average)",PA.NUS.FCRF,,,,,,,,,
Samoa,WSM,"Official exchange rate (LCU per US$, period average)",PA.NUS.FCRF,2.4846566,2.317472,2.2923119,2.3109,2.3317688,2.5608737,2.5649297,2.5543771,2.58728
Kosovo,XKX,"Official exchange rate (LCU per US$, period average)",PA.NUS.FCRF,.75504494,.71935523,.77829361,.75315917,.75373071,.90165895,.90403515,.88739741,.84718639
"Yemen, Rep.",YEM,"Official exchange rate (LCU per US$, period average)",PA.NUS.FCRF,219.59,213.8,214.35083,214.89,214.89,214.89,214.89,214.89,214.89
South Africa,ZAF,"Official exchange rate (LCU per US$, period average)",PA.NUS.FCRF,7.3212218,7.2611322,8.2099686,9.655056,10.852655,12.758931,14.709611,13.323801,13.233927
Zambia,ZMB,"Official exchange rate (LCU per US$, period average)",PA.NUS.FCRF,4.7971368,4.8606653,5.1472526,5.3958869,6.1528163,8.6323557,10.313053,9.5195017,10.458143
Zimbabwe,ZWE,"Official exchange rate (LCU per US$, period average)",PA.NUS.FCRF,,,,,,,,,
